Grupo,Tasa de Finalización,Finalizaciones,Total Visitas
Control,54.37369876635282,17498,32181
Prueba,69.27428479069016,25716,37122
