edad_grupo,Variation,tasa_finalizacion
<30,control,12.446635100520066
<30,test,15.516023376790185
30-50,control,12.676487390843057
30-50,test,15.114196905196298
50-70,control,12.026320229458412
50-70,test,13.655755352657389
70+,control,10.149572649572649
70+,test,13.616254301163364
